Title,Status,Phase,Description
Project concept & branding,Completed,Phase 1,Define DOGORA identity and branding
Smart contract deployment,Completed,Phase 1,Deploy fixed-supply DOGORA token on BNB Smart Chain
Contract verification,Completed,Phase 1,Verify source on BscScan and Sourcify
Token information,Completed,Phase 1,Publish verified token details
Domain setup,Completed,Phase 1,Configure dogora.xyz DNS
GitHub setup,Completed,Phase 1,Set up the official DOGORA repository
Telegram channel & community,Completed,Phase 1,Official DOGORA Telegram presence
Website launch,In Progress,Phase 1,Launch and optimize the official DOGORA website
Initial liquidity,Planned,Phase 1,Create the initial DOGA/WBNB liquidity pool
Social media expansion,Planned,Phase 2,Expand official social channels
Community growth,Planned,Phase 2,Grow and engage the DOGORA community
Marketing campaigns,Planned,Phase 2,Run community-focused marketing campaigns
Community events,Planned,Phase 2,Plan DOGORA community events
Partnerships,Planned,Phase 2,Develop ecosystem and community partnerships
DEX integrations,Planned,Phase 3,Pursue relevant DEX ecosystem integrations
Token listings,Planned,Phase 3,Apply to relevant token tracking/listing platforms
DOGA utilities,Planned,Phase 3,Develop useful DOGA ecosystem features
Exchange applications,Planned,Phase 4,Pursue exchange opportunities when appropriate
Global expansion,Planned,Phase 4,Expand the DOGORA community internationally
